id,old_id,title,skill_group,skill_auto,level,question_type,answer_input_type,prompt,correct_answer,explanation,answer_key,answer_schema
Q0001,,예약 건수 계산 함수 판단,basic,basic_count,1,choice_one,text,"📌 예약 건수 계산 함수 판단

다음 행사 예약 데이터에서 전체 예약 건수를 구하려고 한다.

[입력 데이터]
예약번호|행사장|예약일|인원
R001|A홀|2026-09-03|200
R002|B홀|2026-09-04|450
R003|C홀|2026-09-04|150
R004|A홀|2026-09-05|300
R005|B홀|2026-09-06|250

👉 보기 중 조건을 가장 정확하게 만족하는 항목을 선택하세요.",B,예약번호는 문자 데이터이므로 비어 있지 않은 셀을 세는 COUNTA가 적절하다.,,"A|=COUNT(A2:A6)
B|=COUNTA(A2:A6)
C|=SUM(A2:A6)
D|=AVERAGE(A2:A6)"
Q0002,,출장 횟수 계산 오류 찾기,basic,basic_count,1,error_detect,text,"📌 출장 횟수 계산 오류 찾기

다음 방문 기록의 전체 개수를 구하려고 한다.

[입력 데이터]
사번|이름|지역|방문일
A101|김도윤|부산|2026-05-06
A102|이서진|부산|2026-05-06
A103|박하린|여수|2026-05-12
A104|최민재|울산|2026-05-13
A105|정유나|대전|2026-05-18

사용자가 입력한 수식: =COUNT(A2:A6)

👉 보기 중 수식 또는 조건의 문제점을 가장 정확하게 설명한 항목을 선택하세요.",B,COUNT는 숫자만 세므로 문자 코드가 들어 있는 사번 열에는 적절하지 않다.,,"A|범위가 한 행 부족하다
B|사번은 문자라 COUNT로 세지 못한다
C|SUM 함수를 써야 한다
D|날짜 형식이 잘못되었다"
Q0003,Q333,강좌 데이터 입력 확인,basic,basic_input,1,short_answer,text,"📌 강좌 데이터 입력 확인

문화센터 강좌 목록의 일부이다.

[입력 데이터]
지점|강좌명|수강료
송파점|기초 드로잉|40000
잠실점|생활 요가|60000
영등포점|건강 워킹|70000

👉 입력 데이터에서 요구한 항목의 값을 정확히 입력하세요.",생활요가,,,
Q0004,,국가 데이터 개수 함수 판단,basic,basic_input,1,choice_one,text,"📌 국가 데이터 개수 함수 판단

다음 제조 국가 목록에서 국가 데이터 개수를 구하려고 한다.

[입력 데이터]
장비명|국가
센서 장치|일본
측정 장비|독일
분석 장비|미국
정밀 장비|네덜란드

👉 보기 중 조건을 가장 정확하게 만족하는 항목을 선택하세요.",C,국가명은 텍스트이므로 COUNTA로 개수를 세야 한다.,,"A|=COUNT(B2:B5)
B|=SUM(B2:B5)
C|=COUNTA(B2:B5)
D|=MAX(B2:B5)"
Q0005,Q301,데이터 입력 확인,basic,basic_input,1,short_answer,text,"📌 데이터 입력 확인

상품 데이터 일부이다.

[입력 데이터]
상품명|가격
감기약|5000
소화제|3000

👉 입력 데이터에서 요구한 항목의 값을 정확히 입력하세요.",소화제,,,
Q0006,Q201,도서 데이터 입력 확인,basic,basic_input,1,short_answer,text,"📌 도서 데이터 입력 확인

도서 목록 데이터이다.

[입력 데이터]
코드|출판사|도서명|가격
A1|한빛|파이썬입문|10000
A2|길벗|엑셀마스터|12000

👉 입력 데이터에서 요구한 항목의 값을 정확히 입력하세요.",엑셀마스터,,,
Q0007,Q346,도서 데이터 입력 확인,basic,basic_input,1,short_answer,text,"📌 도서 데이터 입력 확인

도서 신청 목록 일부이다.

[입력 데이터]
도서코드|출판사|도서명
BK-01|문학사|달빛정원
BK-02|지식사|데이터기초

👉 입력 데이터에서 요구한 항목의 값을 정확히 입력하세요.",달빛정원,,,
Q0008,,장비 가격 합계 오류 찾기,basic,basic_input,1,error_detect,text,"📌 장비 가격 합계 오류 찾기

다음 장비 가격의 합계를 구하려고 한다.

[입력 데이터]
코드|장비명|가격
A-100|센서 장치|50000000
B-200|측정 장비|30000000
C-300|분석 장비|40000000
D-400|정밀 장비|60000000

사용자가 입력한 수식: =COUNT(C2:C5)

👉 보기 중 수식 또는 조건의 문제점을 가장 정확하게 설명한 항목을 선택하세요.",A,가격의 총합은 COUNT가 아니라 SUM으로 계산해야 한다.,,"A|합계가 아니라 개수를 센다
B|가격 열 범위가 비어 있다
C|텍스트 데이터라 계산할 수 없다
D|반올림 함수가 필요하다"
Q0009,,접수 데이터 입력 확인,basic,basic_input,1,short_answer,text,"📌 접수 데이터 입력 확인

다음은 지원자 접수 정보이다.

[입력 데이터]
번호|회사|접수일|학과|금액
A1|알파|2026-01-01|디자인|1500000
A2|베타|2026-01-02|개발|1700000

👉 입력 데이터에서 요구한 항목의 값을 정확히 입력하세요.",알파,,,
Q0010,,메모 내용 확인,basic,basic_memo,1,short_answer,text,"📌 메모 내용 확인

특정 셀에 메모가 추가되어 있다.

[입력 데이터]
메모 내용: 2025년 5월 일정

👉 입력 데이터에서 요구한 항목의 값을 정확히 입력하세요.",2025년5월일정,,,
Q0011,,총 매출 계산 수식 판단,basic,basic_sum,2,choice_one,text,"📌 총 매출 계산 수식 판단

다음 제품별 판매 데이터에서 전체 매출 합계를 구하려고 한다.

[입력 데이터]
제품|단가|수량
A|2000|10
B|1500|20
C|3000|5

👉 보기 중 조건을 가장 정확하게 만족하는 항목을 선택하세요.",D,매출은 단가와 수량을 행별로 곱한 뒤 합산해야 하므로 SUMPRODUCT가 적절하다.,,"A|=SUM(B2:B4)
B|=SUM(C2:C4)
C|=AVERAGE(B2:C4)
D|=SUMPRODUCT(B2:B4,C2:C4)"
Q0012,,텍스트 분리 결과,basic,text_split,2,short_answer,text,"📌 텍스트 분리 결과

쉼표로 구분된 데이터를 분리한다.

[입력 데이터]
값: A홀,2026-09-03,200

👉 텍스트 처리 결과로 얻어지는 최종 문자열을 정확히 입력하세요.",2026-09-03,,,
Q0013,,최고 점수 계산 오류 찾기,calculation_stats,aggregate_max,2,error_detect,text,"📌 최고 점수 계산 오류 찾기

다음 점수 중 가장 높은 점수를 구하려고 한다.

[입력 데이터]
점수
50
80
90
70

사용자가 입력한 수식: =MIN(A2:A5)

👉 보기 중 수식 또는 조건의 문제점을 가장 정확하게 설명한 항목을 선택하세요.",C,최고값은 MIN이 아니라 MAX로 구해야 한다.,,"A|범위가 너무 넓다
B|평균을 구한다
C|최고값이 아니라 최솟값을 구한다
D|숫자가 아니라 텍스트만 계산한다"
Q0014,,평균 계산 함수 판단,calculation_stats,average,2,choice_one,text,"📌 평균 계산 함수 판단

값 70, 80, 90의 평균을 구하려고 한다.

👉 보기 중 조건을 가장 정확하게 만족하는 항목을 선택하세요.",B,평균은 AVERAGE 함수로 계산한다.,,"A|=SUM(70,80,90)
B|=AVERAGE(70,80,90)
C|=MAX(70,80,90)
D|=COUNT(70,80,90)"
Q0015,Q211,평균 계산 오류 찾기,calculation_stats,average,2,error_detect,text,"📌 평균 계산 오류 찾기

값 60, 70, 80의 평균을 구하려고 한다.
사용자가 입력한 수식: =SUM(60,70,80)

👉 보기 중 수식 또는 조건의 문제점을 가장 정확하게 설명한 항목을 선택하세요.",B,SUM은 합계 함수다. 평균은 AVERAGE를 사용해야 한다.,,"A|최댓값을 구한다
B|평균이 아니라 합계를 구한다
C|조건이 빠졌다
D|셀 참조가 불가능하다"
Q0016,Q309,AVERAGEIF 함수 판단,calculation_stats,averageif,3,choice_one,text,"📌 AVERAGEIF 함수 판단

다음 데이터에서 수학 점수만 평균 내려고 한다.

[입력 데이터]
과목|점수
수학|80
영어|90
수학|100

👉 보기 중 조건을 가장 정확하게 만족하는 항목을 선택하세요.",A,특정 조건에 맞는 값의 평균은 AVERAGEIF를 사용한다.,,"A|=AVERAGEIF(A2:A4,""수학"",B2:B4)
B|=AVERAGE(B2:B4)
C|=COUNTIF(A2:A4,""수학"")
D|=SUMIF(B2:B4,""수학"",A2:A4)"
Q0017,,여성 평균 점수 계산 오류 찾기,calculation_stats,averageif_roundup,3,error_detect,text,"📌 여성 평균 점수 계산 오류 찾기

여성 평균 점수를 올림하여 소수 첫째 자리까지 표시하려고 한다.

[입력 데이터]
이름|성별|점수
김서연|여|81.2
박민수|남|77.4
이하린|여|89.1
최준호|남|68.8
정유진|여|90.0

사용자가 입력한 수식: =AVERAGE(C2:C6)

👉 보기 중 수식 또는 조건의 문제점을 가장 정확하게 설명한 항목을 선택하세요.",A,전체 평균이 아니라 여성만 조건으로 걸어 평균을 내야 한다.,,"A|여성 조건이 빠졌다
B|점수 범위가 비어 있다
C|최댓값을 구한다
D|텍스트 함수가 필요하다"
Q0018,Q340,20평대 조건 판단,calculation_stats,count_range,3,choice_one,text,"📌 20평대 조건 판단

20평대 거래 건수를 세려고 한다. 20평대는 20 이상 30 미만이다.

[입력 데이터]
평수
24
31
28
19
22

👉 보기 중 조건을 가장 정확하게 만족하는 항목을 선택하세요.",C,20평대는 20 이상이면서 30 미만인 값이다.,,"A|20보다 크고 30보다 작거나 같음
B|20보다 작고 30보다 큼
C|20 이상 AND 30 미만
D|20 초과 OR 30 미만"
Q0019,Q317,COUNTIFS 조건 오류 찾기,calculation_stats,countifs,3,error_detect,text,"📌 COUNTIFS 조건 오류 찾기

성별이 여이고 점수가 70 이상인 개수를 세려고 한다.

[입력 데이터]
성별|점수
여|80
남|90
여|70

사용자가 입력한 수식: =COUNTIF(A2:A4,""여"")

👉 보기 중 수식 또는 조건의 문제점을 가장 정확하게 설명한 항목을 선택하세요.",B,두 조건을 동시에 만족해야 하므로 COUNTIFS를 써야 한다.,,"A|성별 조건이 틀렸다
B|점수 70 이상 조건이 빠졌다
C|평균 함수가 필요하다
D|범위에 숫자가 없다"
Q0020,Q209,COUNTIFS 수식 판단,calculation_stats,countifs,3,choice_one,text,"📌 COUNTIFS 수식 판단

2학년이면서 점수가 80 이상인 개수를 세려고 한다.

[입력 데이터]
학년|점수
1|50
2|80
2|90
3|70

👉 보기 중 조건을 가장 정확하게 만족하는 항목을 선택하세요.",D,두 조건을 모두 만족하는 개수는 COUNTIFS로 구한다.,,"A|=COUNTIF(A2:A5,2)
B|=COUNTIF(B2:B5,"">=80"")
C|=SUMIF(A2:A5,2,B2:B5)
D|=COUNTIFS(A2:A5,2,B2:B5,"">=80"")"
Q0021,,평균 이상 판매량 조건 오류 찾기,calculation_stats,countifs,3,error_detect,text,"📌 평균 이상 판매량 조건 오류 찾기

판매량이 평균 이상이고 재고가 20 미만인 상품 개수를 세려고 한다.

[입력 데이터]
상품|판매량|재고
A|30|10
B|50|5
C|40|25
D|60|15
E|20|8

사용자가 입력한 조건: 판매량 > 평균 AND 재고 < 20

👉 보기 중 수식 또는 조건의 문제점을 가장 정확하게 설명한 항목을 선택하세요.",A,평균 이상은 평균과 같은 값도 포함하므로 >=가 맞다.,,"A|평균 이상은 >가 아니라 >=를 써야 한다
B|재고 조건은 20 초과여야 한다
C|상품명 조건이 빠졌다
D|판매량 조건은 필요 없다"
Q0022,,국어 영어 조건 판단,calculation_stats,countifs,3,choice_one,text,"📌 국어 영어 조건 판단

국어 70 이상 AND 영어 70 이상인 학생 수를 구하려고 한다.

[입력 데이터]
이름|국어|영어
A|80|90
B|60|75
C|85|88
D|70|65

👉 보기 중 조건을 가장 정확하게 만족하는 항목을 선택하세요.",B,A와 C만 두 과목 모두 70 이상이다.,,"A|A, B
B|A, C
C|C, D
D|A, C, D"
Q0023,,학년 점수 조건 오류 찾기,calculation_stats,countifs,3,error_detect,text,"📌 학년 점수 조건 오류 찾기

2학년이면서 점수가 400 이상인 인원 수를 구하려고 한다.

[입력 데이터]
학년|점수
2|450
2|300
3|500
2|420

사용자가 입력한 수식: =COUNTIF(B2:B5,"">=400"")

👉 보기 중 수식 또는 조건의 문제점을 가장 정확하게 설명한 항목을 선택하세요.",C,점수 조건뿐 아니라 학년 조건도 함께 적용해야 한다.,,"A|점수 조건이 틀렸다
B|400 이상이 아니라 400 초과여야 한다
C|2학년 조건이 빠졌다
D|합계를 구해야 한다"
Q0024,,서울 평균 수식 판단,calculation_stats,db_average,3,choice_one,text,"📌 서울 평균 수식 판단

서울 지역의 판매량 평균을 구하려고 한다.

[입력 데이터]
지역|판매량
서울|120
부산|150
서울|180
대구|100

👉 보기 중 조건을 가장 정확하게 만족하는 항목을 선택하세요.",A,조건에 맞는 값의 평균은 AVERAGEIF로 계산한다.,,"A|=AVERAGEIF(A2:A5,""서울"",B2:B5)
B|=AVERAGE(B2:B5)
C|=SUMIF(A2:A5,""서울"",B2:B5)
D|=COUNTIF(A2:A5,""서울"")"
Q0025,Q315,조건부 평균 오류 찾기,calculation_stats,db_average,3,error_detect,text,"📌 조건부 평균 오류 찾기

서울 지역 매출 평균을 구하려고 한다.

[입력 데이터]
지역|매출
서울|100
부산|200
서울|300

사용자가 입력한 수식: =AVERAGE(B2:B4)

👉 보기 중 수식 또는 조건의 문제점을 가장 정확하게 설명한 항목을 선택하세요.",A,서울만 평균 내야 하므로 조건부 평균을 사용해야 한다.,,"A|서울 조건이 빠졌다
B|매출 범위가 틀렸다
C|개수를 세고 있다
D|최댓값을 구하고 있다"
Q0026,,생산부 평균 급여 반올림 판단,calculation_stats,db_average_round,3,choice_one,text,"📌 생산부 평균 급여 반올림 판단

생산부 평균 급여를 천 단위로 반올림하려고 한다.

[입력 데이터]
이름|부서|급여
김민수|생산|3200
이서연|영업|2800
박지훈|생산|3600
최유진|생산|3000

👉 보기 중 조건을 가장 정확하게 만족하는 항목을 선택하세요.",D,먼저 생산부 조건을 적용한 뒤 평균과 반올림을 처리해야 한다.,,"A|전체 급여 평균 → 반올림
B|생산부 개수 세기 → 반올림
C|최대 급여 찾기 → 반올림
D|생산부 급여 평균 → 천 단위 반올림"
Q0027,,전자부서 여성 인원 수 오류 찾기,calculation_stats,db_count,2,error_detect,text,"📌 전자부서 여성 인원 수 오류 찾기

부서가 전자이고 성별이 여인 직원 수를 구하려고 한다.

[입력 데이터]
이름|부서|성별|근무형태
김서연|전자|여|정규
박민수|기획|남|정규
이하린|전자|여|계약
최준호|전자|남|정규
정유진|디자인|여|계약
한소희|전자|여|정규

사용자가 입력한 수식: =COUNTIF(B2:B7,""전자"")

👉 보기 중 수식 또는 조건의 문제점을 가장 정확하게 설명한 항목을 선택하세요.",B,전자 부서 조건과 성별 여 조건을 동시에 적용해야 한다.,,"A|전자 조건이 틀렸다
B|성별 여 조건이 빠졌다
C|근무형태 조건이 빠졌다
D|합계를 구하고 있다"
Q0028,,부서 조건 급여 합계 계산,calculation_stats,db_sum,3,value_answer,number,"📌 부서 조건 급여 합계 계산

다음은 직원 급여 데이터이다.

[입력 데이터]
이름|부서|급여
김나영|영업|320
박지훈|개발|400
이서윤|영업|280
최민석|인사|260
정하린|영업|300

👉 입력 데이터에서 조건에 맞는 합계값을 계산해 숫자만 입력하세요.",900,,,
Q0029,,평균 점수 등급 판정,calculation_stats,hlookup_average,3,short_answer,text,"📌 평균 점수 등급 판정

두 시험의 평균으로 등급을 판정한다.

[규칙]
- 0~59=노력
- 60~79=보통
- 80~89=우수
- 90이상=최우수

[입력 데이터]
중간: 84
기말: 92

👉 조건을 적용했을 때의 최종 판정 결과를 정확히 입력하세요.",우수,,,
Q0030,,시간 차이 계산,calculation_stats,hour_minute,3,value_answer,number,"📌 시간 차이 계산

시작시간과 종료시간의 차이를 계산한다.

[입력 데이터]
시작시간: 09:30
종료시간: 11:10

👉 조건에 맞게 계산한 시간 값을 숫자만 입력하세요.",2,,,
Q0031,Q339,승진 여부 판단,calculation_stats,if_and_average,3,short_answer,text,"📌 승진 여부 판단

평균 점수와 벌점을 함께 고려해 승진 여부를 결정한다.

[규칙]
- 평균>=75 AND 벌점<10 이면 승진
- 그 외는 빈칸

[입력 데이터]
실적점수: 80
연수점수: 70
벌점: 8

👉 조건을 적용했을 때의 최종 판정 결과를 정확히 입력하세요.",승진,,,
Q0032,,최대 판매 표시,calculation_stats,if_max_min,3,short_answer,text,"📌 최대 판매 표시

다음은 상품별 판매 수량이다.

[입력 데이터]
상품|판매수량
A|25
B|40
C|18
D|40

👉 조건을 적용했을 때 화면에 표시되는 최종 결과를 정확히 입력하세요.",최대판매,,,
Q0033,Q323,최대 사용량 고객 찾기,calculation_stats,index_match_max,3,short_answer,text,"📌 최대 사용량 고객 찾기

사용자별 전력 사용량이 주어져 있다.

[입력 데이터]
사용자|사용량
김도윤|120
이서진|180
박하린|160
최민재|140

👉 조건을 적용했을 때의 최종 결과를 정확히 입력하세요.",이서진,,,
Q0034,,상위 값 판정,calculation_stats,large_if,3,short_answer,text,"📌 상위 값 판정

점수 중 상위 3개를 구분한다.

[입력 데이터]
점수
70
85
90
60
88

👉 조건을 적용했을 때의 최종 판정 결과를 정확히 입력하세요.",포함,,,
Q0035,Q217,최대값 계산,calculation_stats,max,2,value_answer,number,"📌 최대값 계산

다음 입력 데이터와 조건을 기준으로 최대값 계산의 계산 결과를 구하세요.

[입력 데이터]
값: 10,50,30

👉 입력 데이터에서 조건에 맞는 최대값을 계산해 숫자만 입력하세요.",50,,,
Q0036,Q319,최대값 계산,calculation_stats,max,2,value_answer,number,"📌 최대값 계산

다음 입력 데이터와 조건을 기준으로 최대값 계산의 계산 결과를 구하세요.

[입력 데이터]
10,20,30

👉 입력 데이터에서 조건에 맞는 최대값을 계산해 숫자만 입력하세요.",30,,,
Q0037,Q218,최소값 계산,calculation_stats,min,2,value_answer,number,"📌 최소값 계산

다음 입력 데이터와 조건을 기준으로 최소값 계산의 계산 결과를 구하세요.

[입력 데이터]
값: 10,50,30

👉 입력 데이터에서 조건에 맞는 최소값을 계산해 숫자만 입력하세요.",10,,,
Q0038,Q219,비율 계산,calculation_stats,percent,3,value_answer,number,"📌 비율 계산

다음 입력 데이터와 조건을 기준으로 비율 계산의 계산 결과를 구하세요.

[입력 데이터]
전체: 200
부분: 50

👉 입력 데이터와 조건을 기준으로 계산한 비율 값을 숫자만 입력하세요.",25,,,
Q0039,Q320,비율 계산,calculation_stats,percent,3,value_answer,number,"📌 비율 계산

다음 입력 데이터와 조건을 기준으로 비율 계산의 계산 결과를 구하세요.

[입력 데이터]
전체: 400
부분: 100

👉 입력 데이터와 조건을 기준으로 계산한 비율 값을 숫자만 입력하세요.",25,,,
Q0040,Q316,순위 계산,calculation_stats,rank_eq,3,short_answer,text,"📌 순위 계산

점수 순위

[입력 데이터]
50
80
70

👉 조건을 적용했을 때의 최종 결과를 정확히 입력하세요.",1,,,
Q0041,,순위 판정,calculation_stats,rank_eq,3,short_answer,text,"📌 순위 판정

점수 순위를 계산한다.

[입력 데이터]
점수
100
90
80

👉 조건을 적용했을 때의 최종 판정 결과를 정확히 입력하세요.",1,,,
Q0042,Q208,순위 판정,calculation_stats,rank_eq,3,short_answer,text,"📌 순위 판정

점수 순위 계산

[입력 데이터]
점수
70
90
80

👉 조건을 적용했을 때의 최종 판정 결과를 정확히 입력하세요.",1,,,
Q0043,,순위 판정 결과,calculation_stats,rank_eq,3,short_answer,text,"📌 순위 판정 결과

점수 순위에 따라 등수를 표시한다.

[입력 데이터]
점수
90
80
70

👉 조건을 적용했을 때의 최종 판정 결과를 정확히 입력하세요.",1,,,
Q0044,Q341,기록 순위 판정,calculation_stats,rank_label,3,short_answer,text,"📌 기록 순위 판정

기록값 기준으로 상위 순위를 표시한다.

[규칙]
- 1위와 2위는 결승진출
- 나머지는 빈칸

[입력 데이터]
이름|기록
A|95
B|88
C|77
D|66

👉 조건을 적용했을 때의 최종 판정 결과를 정확히 입력하세요.",결승진출,,,
Q0045,Q321,순위 기호 표시,calculation_stats,rank_label,3,short_answer,text,"📌 순위 기호 표시

점수 순위에 따라 기호를 표시한다.

[규칙]
- 1등=★★★
- 2등=★★
- 3등=★
- 그 외=빈칸

[입력 데이터]
이름|점수
민수|95
지연|88
현우|77
서윤|66

👉 조건을 적용했을 때 화면에 표시되는 최종 결과를 정확히 입력하세요.",★★★,,,
Q0046,,과목 평균 계산,calculation_stats,subtotal,2,value_answer,number,"📌 과목 평균 계산

학생들의 점수가 주어져 있다.

[입력 데이터]
학생|점수
A|80
B|90
C|70
D|60

👉 입력 데이터에서 조건에 맞는 평균값을 계산해 숫자만 입력하세요.",75,,,
Q0047,,부분합 평균 계산,calculation_stats,subtotal_average,2,value_answer,number,"📌 부분합 평균 계산

한 반 학생들의 국어 점수가 주어져 있다.

[입력 데이터]
반|학생|국어
1|김도윤|80
1|이서진|70
1|박하린|90

👉 입력 데이터에서 조건에 맞는 평균값을 계산해 숫자만 입력하세요.",80,,,
Q0048,,평균 판매량 계산,calculation_stats,subtotal_average,2,value_answer,number,"📌 평균 판매량 계산

판매량 데이터가 주어져 있다.

[입력 데이터]
지역|판매량
서울|120
부산|150
대구|180

👉 입력 데이터에서 조건에 맞는 평균값을 계산해 숫자만 입력하세요.",150,,,
Q0049,,조건별 최대 합격점수 찾기,calculation_stats,subtotal_max,3,value_answer,number,"📌 조건별 최대 합격점수 찾기

지원자 평가 점수가 주어져 있다.

[입력 데이터]
이름|성별|서류|면접|총점|결과
김하은|여|89|92|181|합격
이서윤|여|94|95|189|합격
박준호|남|85|87|172|합격
최민재|남|91|93|184|합격

👉 입력 데이터에서 조건에 맞는 최대값을 계산해 숫자만 입력하세요.",189,,,
Q0050,Q207,조건 합계 계산,calculation_stats,sumifs,3,value_answer,number,"📌 조건 합계 계산

판매 데이터이다.

[규칙]
- 서울만 합계

[입력 데이터]
지역|금액
서울|100
부산|200
서울|300

👉 입력 데이터에서 조건에 맞는 합계값을 계산해 숫자만 입력하세요.",400,,,
Q0051,,차트 축 값 확인,chart,chart_axis,2,value_answer,number,"📌 차트 축 값 확인

축 최소값이 설정되어 있다.

[입력 데이터]
최소값: 0

👉 차트 조건을 적용했을 때 설정되어야 하는 값을 숫자만 입력하세요.",0,,,
Q0052,,차트 축 기본 단위,chart,chart_axis,2,value_answer,number,"📌 차트 축 기본 단위

세로축 기본 단위가 일정 값으로 설정되었다.

[입력 데이터]
기본 단위: 80

👉 차트 조건을 적용했을 때 설정되어야 하는 값을 숫자만 입력하세요.",80,,,
Q0053,,차트 축 단위 확인,chart,chart_axis,2,value_answer,number,"📌 차트 축 단위 확인

차트 세로축 기본 단위가 설정되어 있다.

[입력 데이터]
단위: 100

👉 차트 조건을 적용했을 때 설정되어야 하는 값을 숫자만 입력하세요.",100,,,
Q0054,Q314,차트 축 설정,chart,chart_axis,2,value_answer,number,"📌 차트 축 설정

축 최소값

[입력 데이터]
최소값: 0

👉 차트 조건을 적용했을 때 설정되어야 하는 값을 숫자만 입력하세요.",0,,,
Q0055,,축 값 확인,chart,chart_axis,2,value_answer,number,"📌 축 값 확인

축 최소값 설정

[입력 데이터]
최소값: 0

👉 차트 조건을 적용했을 때 설정되어야 하는 값을 숫자만 입력하세요.",0,,,
Q0056,,차트 테두리 설정 결과,chart,chart_border,2,short_answer,text,"📌 차트 테두리 설정 결과

차트 영역의 테두리 스타일이 변경되었다.

[규칙]
- 모서리=둥근 모서리
- 선 두께=1pt

👉 조건을 적용했을 때의 최종 결과를 정확히 입력하세요.",둥근모서리,,,
Q0057,Q332,차트 테두리 스타일,chart,chart_border,2,short_answer,text,"📌 차트 테두리 스타일

차트 영역의 모서리 스타일이 변경되었다.

[입력 데이터]
스타일: 둥근모서리

👉 조건을 적용했을 때 화면에 표시되는 최종 결과를 정확히 입력하세요.",둥근모서리,,,
Q0058,,차트 색상 확인,chart,chart_color,2,short_answer,text,"📌 차트 색상 확인

차트 배경 색상이 지정되어 있다.

[입력 데이터]
색상: 파랑

👉 조건을 적용했을 때 화면에 표시되는 최종 결과를 정확히 입력하세요.",파랑,,,
Q0059,Q330,차트 계열 추가 후 종류 판정,chart,chart_combo,2,short_answer,text,"📌 차트 계열 추가 후 종류 판정

막대와 선이 함께 표시되는 차트이다.

👉 조건을 적용했을 때의 최종 판정 결과를 정확히 입력하세요.",혼합차트,,,
Q0060,,차트 배경색 확인,chart,chart_format,2,short_answer,text,"📌 차트 배경색 확인

그림 영역 채우기 색이 지정되었다.

[입력 데이터]
색상: 주황

👉 조건을 적용했을 때의 최종 결과를 정확히 입력하세요.",주황,,,
Q0061,,데이터 레이블 표시 조건,chart,chart_label,3,short_answer,text,"📌 데이터 레이블 표시 조건

차트에서 특정 항목에만 데이터 레이블을 표시하도록 설정되었다.

[입력 데이터]
항목: 농업

👉 조건을 적용했을 때의 최종 판정 결과를 정확히 입력하세요.",농업,,,
Q0062,Q331,데이터 레이블 위치 확인,chart,chart_label_position,2,short_answer,text,"📌 데이터 레이블 위치 확인

차트의 모든 계열에 데이터 레이블이 추가되었다.

[입력 데이터]
레이블위치: 바깥쪽끝

👉 조건을 적용했을 때 화면에 표시되는 최종 결과를 정확히 입력하세요.",바깥쪽끝,,,
Q0063,Q345,차트 범례 위치 확인,chart,chart_legend,2,short_answer,text,"📌 차트 범례 위치 확인

차트 범례가 상단에 배치되었다.

👉 조건을 적용했을 때 화면에 표시되는 최종 결과를 정확히 입력하세요.",위쪽,,,
Q0064,,차트 최대값 판정,chart,chart_read,2,value_answer,number,"📌 차트 최대값 판정

월별 판매량이 주어져 있다.

[입력 데이터]
월|판매량
1|100
2|200
3|150
4|300

👉 입력 데이터에서 조건에 맞는 최대값을 계산해 숫자만 입력하세요.",300,,,
Q0065,,차트 계열 개수 확인,chart,chart_series,2,value_answer,number,"📌 차트 계열 개수 확인

차트에는 입고량과 재고량 두 계열만 표시된다.

👉 차트 조건을 적용했을 때 설정되어야 하는 값을 숫자만 입력하세요.",2,,,
Q0066,,차트 계열 확인,chart,chart_series,2,value_answer,number,"📌 차트 계열 확인

차트에는 3개의 데이터 계열이 있다.

👉 차트 조건을 적용했을 때 설정되어야 하는 값을 숫자만 입력하세요.",3,,,
Q0067,,차트 스타일 판정,chart,chart_style,2,short_answer,text,"📌 차트 스타일 판정

차트 테두리가 특정 스타일로 설정되었다.

[입력 데이터]
스타일: 둥근모서리

👉 조건을 적용했을 때의 최종 판정 결과를 정확히 입력하세요.",둥근모서리,,,
Q0068,,차트 스타일 확인,chart,chart_style,2,short_answer,text,"📌 차트 스타일 확인

테두리 스타일 적용

[입력 데이터]
스타일: 둥근모서리

👉 조건을 적용했을 때 화면에 표시되는 최종 결과를 정확히 입력하세요.",둥근모서리,,,
Q0069,Q343,차트 축 전환 여부,chart,chart_switch,2,short_answer,text,"📌 차트 축 전환 여부

행과 열을 바꿔 차트를 다시 배치했다.

👉 조건을 적용했을 때의 최종 판정 결과를 정확히 입력하세요.",행열전환,,,
Q0070,,차트 제목 내용 확인,chart,chart_title,2,short_answer,text,"📌 차트 제목 내용 확인

차트 제목이 데이터 기반으로 설정되었다.

[입력 데이터]
제목: 월별 판매 분석

👉 조건을 적용했을 때 화면에 표시되는 최종 결과를 정확히 입력하세요.",월별판매분석,,,
Q0071,,차트 제목 연결 결과,chart,chart_title,2,short_answer,text,"📌 차트 제목 연결 결과

차트 제목이 특정 셀의 값을 참조하도록 설정되었다.

[입력 데이터]
셀 값: 자전거 이용 만족도

👉 조건을 적용했을 때 화면에 표시되는 최종 결과를 정확히 입력하세요.",자전거 이용 만족도,,,
Q0072,,차트 제목 표시,chart,chart_title,2,short_answer,text,"📌 차트 제목 표시

차트 제목은 특정 셀의 값을 참조한다.

[입력 데이터]
셀 값: 물류창고 관리 현황

👉 조건을 적용했을 때 화면에 표시되는 최종 결과를 정확히 입력하세요.",물류창고관리현황,,,
Q0073,,차트 제목 표시,chart,chart_title,2,short_answer,text,"📌 차트 제목 표시

차트 제목이 설정되어 있다.

[입력 데이터]
제목: 사원 건강 상태

👉 조건을 적용했을 때 화면에 표시되는 최종 결과를 정확히 입력하세요.",사원건강상태,,,
Q0074,,차트 제목 확인,chart,chart_title,2,short_answer,text,"📌 차트 제목 확인

차트 제목이 지정되어 있다.

[입력 데이터]
제목: 월별 매출 분석

👉 조건을 적용했을 때 화면에 표시되는 최종 결과를 정확히 입력하세요.",월별매출분석,,,
Q0075,,차트 제목 확인,chart,chart_title,2,short_answer,text,"📌 차트 제목 확인

차트 제목이 설정되었다.

[입력 데이터]
제목: 투자 변화

👉 조건을 적용했을 때 화면에 표시되는 최종 결과를 정확히 입력하세요.",투자변화,,,
Q0076,Q214,차트 제목 확인,chart,chart_title,2,short_answer,text,"📌 차트 제목 확인

차트 제목 설정

[입력 데이터]
제목: 매출 변화

👉 조건을 적용했을 때 화면에 표시되는 최종 결과를 정확히 입력하세요.",매출변화,,,
Q0077,Q344,차트 제목 확인,chart,chart_title,2,short_answer,text,"📌 차트 제목 확인

차트 제목이 설정되어 있다.

[입력 데이터]
제목: 신입사원 평가점수

👉 조건을 적용했을 때 화면에 표시되는 최종 결과를 정확히 입력하세요.",신입사원평가점수,,,
Q0078,,차트 방향 판정,chart,chart_type,2,short_answer,text,"📌 차트 방향 판정

차트가 가로 방향으로 변경되었다.

👉 조건을 적용했을 때의 최종 판정 결과를 정확히 입력하세요.",가로막대형,,,
Q0079,,차트 유형 변경 결과,chart,chart_type,2,short_answer,text,"📌 차트 유형 변경 결과

기존 차트가 일반 세로 막대형에서 누적 형태로 변경되었다.

👉 조건을 적용했을 때 화면에 표시되는 최종 결과를 정확히 입력하세요.",누적세로막대형,,,
Q0080,Q313,차트 유형 판단,chart,chart_type,2,short_answer,text,"📌 차트 유형 판단

데이터 변화 표현

👉 조건을 적용했을 때 화면에 표시되는 최종 결과를 정확히 입력하세요.",꺾은선형,,,
Q0081,,차트 유형 판정,chart,chart_type,2,short_answer,text,"📌 차트 유형 판정

차트가 선 형태로 표시된다.

👉 조건을 적용했을 때의 최종 판정 결과를 정확히 입력하세요.",꺾은선형,,,
Q0082,Q213,차트 유형 판정,chart,chart_type,2,short_answer,text,"📌 차트 유형 판정

선 그래프 표시

👉 조건을 적용했을 때의 최종 판정 결과를 정확히 입력하세요.",꺾은선형,,,
Q0083,Q350,고급 필터 결과 포함 여부,data_tools,advanced_filter_eval,3,short_answer,text,"📌 고급 필터 결과 포함 여부

사원 데이터에서 특정 조건으로 고급 필터를 수행한다.

[규칙]
- 부서=영업부 OR 성별=남

[입력 데이터]
부서: 총무부
성별: 여

👉 조건을 적용했을 때의 최종 판정 결과를 정확히 입력하세요.",제외,,,
Q0084,Q336,고급 필터 OR 조건 판정,data_tools,advanced_filter_or,3,short_answer,text,"📌 고급 필터 OR 조건 판정

사원 현황 데이터에서 OR 조건으로 필터링한다.

[규칙]
- 부서명=영업부 OR 성별=남

[입력 데이터]
부서명: 개발부
성별: 남

👉 조건을 적용했을 때의 최종 판정 결과를 정확히 입력하세요.",포함,,,
Q0085,Q327,데이터 통합 평균 계산,data_tools,consolidate_average,3,value_answer,number,"📌 데이터 통합 평균 계산

세 표의 판매량을 통합해 평균을 구한다.

[입력 데이터]
분기|판매량
1|100
2|200
3|300

👉 입력 데이터에서 조건에 맞는 평균값을 계산해 숫자만 입력하세요.",200,,,
Q0086,Q342,데이터 통합 평균 집계,data_tools,consolidate_multi_average,3,value_answer,number,"📌 데이터 통합 평균 집계

세 개의 분기 데이터에서 구매가, 수량, 판매액의 평균을 통합 계산한다.

[입력 데이터]
구매가|수량|판매액
100|2|200
200|4|800
300|6|1800

👉 입력 데이터에서 조건에 맞는 평균값을 계산해 숫자만 입력하세요.",933.3333333333,,,
Q0087,Q304,조건 필터 판단,data_tools,filter_basic,2,short_answer,text,"📌 조건 필터 판단

조건 필터 적용

[규칙]
- 여 AND 키>=160

[입력 데이터]
성별: 여
키: 165

👉 조건을 적용했을 때의 최종 판정 결과를 정확히 입력하세요.",YES,,,
Q0088,,날짜 표시 형식 결과,date_time,date_format,2,short_answer,text,"📌 날짜 표시 형식 결과

날짜를 지정된 형식으로 표시한다.

[규칙]
- 형식: mm월 dd일

[입력 데이터]
날짜: 2026-09-03

👉 조건을 적용했을 때 화면에 표시되는 최종 결과를 정확히 입력하세요.",09월03일,,,
Q0089,,날짜 형식 결과 판정,date_time,date_format,2,short_answer,text,"📌 날짜 형식 결과 판정

날짜 데이터를 특정 형식으로 표시한다.

[규칙]
- 형식=yyyy-mm-dd(요일)

[입력 데이터]
날짜: 2020-10-01

👉 조건을 적용했을 때의 최종 판정 결과를 정확히 입력하세요.",2020-10-01(목),,,
Q0090,,입사월 기준 분류,date_time,month_if,2,short_answer,text,"📌 입사월 기준 분류

입사월에 따라 직원 유형을 분류한다.

[규칙]
- 1~6월=상반기
- 7~12월=하반기

[입력 데이터]
입사일: 2024-03-15

👉 조건을 적용했을 때의 최종 판정 결과를 정확히 입력하세요.",상반기,,,
Q0091,,요일 기준 분류,date_time,weekday_switch,3,short_answer,text,"📌 요일 기준 분류

날짜에 따라 평일 또는 주말을 구분한다.

[규칙]
- 월~금=평일
- 토~일=주말

[입력 데이터]
날짜: 2024-04-06

👉 조건을 적용했을 때의 최종 판정 결과를 정확히 입력하세요.",주말,,,
Q0092,Q306,근무일 계산,date_time,workday,3,value_answer,number,"📌 근무일 계산

다음 입력 데이터와 조건을 기준으로 근무일 계산의 계산 결과를 구하세요.

[입력 데이터]
시작일: 1일
근무일수: 5

👉 시작일과 근무일수를 기준으로 계산된 종료일을 숫자로 입력하세요.",6,,,
Q0093,,문자열 가운데 정렬 결과,formatting,cell_align,1,short_answer,text,"📌 문자열 가운데 정렬 결과

셀의 정렬 방식이 변경되었다.

[입력 데이터]
정렬방식: 가운데

👉 조건을 적용했을 때의 최종 결과를 정확히 입력하세요.",가운데,,,
Q0094,,셀 정렬 방식 판정,formatting,cell_align,1,short_answer,text,"📌 셀 정렬 방식 판정

셀 정렬이 변경되었다.

[입력 데이터]
정렬: 가운데

👉 조건을 적용했을 때의 최종 판정 결과를 정확히 입력하세요.",가운데,,,
Q0095,Q202,셀 서식 판정,formatting,cell_format,1,short_answer,text,"📌 셀 서식 판정

셀에 특정 서식이 적용되었다.

[입력 데이터]
정렬: 가운데
글꼴: 20pt

👉 조건을 적용했을 때의 최종 판정 결과를 정확히 입력하세요.",가운데,,,
Q0096,Q302,정렬 설정 확인,formatting,cell_format,1,short_answer,text,"📌 정렬 설정 확인

셀 서식 설정

[입력 데이터]
정렬: 가운데
글꼴: 18pt

👉 조건을 적용했을 때의 최종 결과를 정확히 입력하세요.",가운데,,,
Q0097,Q334,천단위 통화 표시 결과,formatting,custom_money_format,2,short_answer,text,"📌 천단위 통화 표시 결과

숫자를 천 단위 구분기호와 원 단위로 표시한다.

[규칙]
- 형식: #,##0천원

[입력 데이터]
값: 64000

👉 조건을 적용했을 때 화면에 표시되는 최종 결과를 정확히 입력하세요.",64000천원,,,
Q0098,,금액 표시 결과,formatting,custom_number_format,2,short_answer,text,"📌 금액 표시 결과

숫자를 천 단위 구분 기호와 원 단위로 표시한다.

[규칙]
- 형식=#,##0원

[입력 데이터]
값: 1500000

👉 조건을 적용했을 때 화면에 표시되는 최종 결과를 정확히 입력하세요.",1500000원,,,
Q0099,Q347,사용자 지정 위 단위 표시,formatting,custom_unit_format,2,short_answer,text,"📌 사용자 지정 위 단위 표시

숫자 뒤에 단위를 붙여 표시한다.

[규칙]
- 숫자 뒤에 위 표시

[입력 데이터]
값: 4

👉 조건을 적용했을 때 화면에 표시되는 최종 결과를 정확히 입력하세요.",4위,,,
Q0100,,조건부 서식 판정,logic_condition,conditional_and,2,short_answer,text,"📌 조건부 서식 판정

특정 조건을 만족하는 경우 색상이 적용된다.

[규칙]
- 성별=여 AND 점수>=70 → 적용

[입력 데이터]
성별: 여
점수: 75

👉 조건을 적용했을 때의 최종 판정 결과를 정확히 입력하세요.",적용,,,
Q0101,Q349,조건부 서식 비교,logic_condition,conditional_formula,2,short_answer,text,"📌 조건부 서식 비교

한 행에서 언어 점수가 수리 점수 이하이면 서식이 적용된다.

[입력 데이터]
언어: 70
수리: 80

👉 조건을 적용했을 때의 최종 판정 결과를 정확히 입력하세요.",적용,,,
Q0102,Q203,조건부 서식 판단,logic_condition,conditional_if,2,short_answer,text,"📌 조건부 서식 판단

조건에 따라 서식 적용 여부 결정

[규칙]
- 점수<60

[입력 데이터]
점수: 55

👉 조건을 적용했을 때의 최종 판정 결과를 정확히 입력하세요.",적용,,,
Q0103,,조건부 서식 적용 판단,logic_condition,conditional_or,2,short_answer,text,"📌 조건부 서식 적용 판단

조건을 만족하면 색상이 적용된다.

[규칙]
- 점수>=60 OR 출석>=100

[입력 데이터]
점수: 55
출석: 120

👉 조건을 적용했을 때의 최종 판정 결과를 정확히 입력하세요.",적용,,,
Q0104,,음수 표시 판정,logic_condition,format_rule,2,short_answer,text,"📌 음수 표시 판정

숫자에 따라 표시 색상이 변경된다.

[규칙]
- 음수 → 빨강
- 양수 → 검정

[입력 데이터]
값: -50

👉 조건을 적용했을 때의 최종 판정 결과를 정확히 입력하세요.",빨강,,,
Q0105,,합격 여부 판단,logic_condition,if_and,2,short_answer,text,"📌 합격 여부 판단

조건을 만족하면 합격이다.

[규칙]
- 점수>=60 AND 면접>=70

[입력 데이터]
점수: 65
면접: 80

👉 조건을 적용했을 때의 최종 판정 결과를 정확히 입력하세요.",합격,,,
Q0106,Q206,승진 조건 판단,logic_condition,if_and,3,short_answer,text,"📌 승진 조건 판단

조건 만족 시 승진

[규칙]
- 평균>=75 AND 근무기간>=10

[입력 데이터]
평균: 80
근무기간: 12

👉 조건을 적용했을 때의 최종 판정 결과를 정확히 입력하세요.",승진,,,
Q0107,Q307,거리 조건 판정,logic_condition,if_simple,3,short_answer,text,"📌 거리 조건 판정

거리 기준 판단

[규칙]
- 0 이하 → 무료
- 20000 이상 → 장거리

[입력 데이터]
거리: 25000

👉 조건을 적용했을 때의 최종 판정 결과를 정확히 입력하세요.",장거리,,,
Q0108,Q324,표준편차 이상 판정,logic_condition,if_stdev,3,short_answer,text,"📌 표준편차 이상 판정

개별 표준편차가 전체 평균 수준 이상인지 판정한다.

[입력 데이터]
항목|표준편차
중간|12
기말|10
수행|14

👉 조건을 적용했을 때의 최종 판정 결과를 정확히 입력하세요.",평균점수이상,,,
Q0109,,반납 상태 판정,logic_condition,switch,3,short_answer,text,"📌 반납 상태 판정

대출건수와 연체건수를 이용해 반납률을 계산한 뒤 기준에 따라 최종 표시값을 구하는 문제이다.

[규칙]
- 반납률=1-연체건수/대출건수
- 반납률이 0.7 이하이면 관리
- 그 외는 반납률을 소수 둘째 자리까지 표시

[입력 데이터]
대출건수: 20
연체건수: 8

👉 조건을 적용했을 때의 최종 판정 결과를 정확히 입력하세요.",관리,,,
Q0110,Q205,급여 계산,lookup_reference,hlookup,3,value_answer,number,"📌 급여 계산

기준표를 이용해 급여 계산

[입력 데이터]
등급|금액
A|1000
B|2000
C|3000

👉 입력 데이터와 조건을 기준으로 계산한 최종 금액을 숫자만 입력하세요.",2500,,,
Q0111,,공제금 계산,lookup_reference,hlookup_iferror,3,value_answer,number,"📌 공제금 계산

금액에 따라 공제금이 계산된다.

[입력 데이터]
구간|수익률
1000|0.1
2000|0.2
3000|0.3

👉 입력 데이터와 조건을 기준으로 계산한 최종 금액을 숫자만 입력하세요.",400,,,
Q0112,,요금 계산 결과,lookup_reference,hlookup_left,3,value_answer,number,"📌 요금 계산 결과

사용량에 따라 요금을 계산한다.

[규칙]
- 등급은 문자열의 첫 글자로 판별
- 요금 = 기본요금 + 추가요금

[입력 데이터]
구간|요금
A|1000
B|2000
C|3000

👉 입력 데이터와 조건을 기준으로 계산한 최종 금액을 숫자만 입력하세요.",2500,,,
Q0113,Q322,단가 조회 후 금액 계산,lookup_reference,hlookup_mid,3,value_answer,number,"📌 단가 조회 후 금액 계산

품목코드의 일부를 이용해 단가를 찾고 금액을 계산한다.

[입력 데이터]
코드|단가
AA|1000
BB|2000
CC|3000

👉 입력 데이터와 조건을 기준으로 계산한 최종 금액을 숫자만 입력하세요.",8000,,,
Q0114,,최대값 고객 찾기,lookup_reference,index_match,3,short_answer,text,"📌 최대값 고객 찾기

고객별 구매금액이 주어져 있다.

[입력 데이터]
고객명|구매금액
김민수|120
이서연|300
박지훈|250
최유진|180

👉 조건을 적용했을 때의 최종 결과를 정확히 입력하세요.",이서연,,,
Q0115,Q338,직위별 급여 계산,lookup_reference,lookup_pay,3,value_answer,number,"📌 직위별 급여 계산

직위별 기본급과 수당을 합산해 급여를 계산한다.

[입력 데이터]
직위|기본급
사원|2000
대리|2500
과장|3000

👉 입력 데이터와 조건을 기준으로 계산한 최종 금액을 숫자만 입력하세요.",2800,,,
Q0116,Q305,매출 계산,lookup_reference,vlookup,3,value_answer,number,"📌 매출 계산

코드 기준 단가 찾기

[입력 데이터]
코드|단가
A|100
B|200

👉 입력 데이터와 조건을 기준으로 계산한 최종 금액을 숫자만 입력하세요.",1000,,,
Q0117,,등급 계산 결과,lookup_reference,vlookup_band,3,short_answer,text,"📌 등급 계산 결과

값을 1000으로 나눈 나머지 기준으로 등급을 계산한다.

[규칙]
- 0~199=★
- 200~399=★★
- 400~599=★★★
- 600~799=★★★★
- 800~999=★★★★★

[입력 데이터]
값: 3450

👉 조건을 적용했을 때의 최종 결과를 정확히 입력하세요.",★★★,,,
Q0118,,등급 분류,lookup_reference,vlookup_band,3,short_answer,text,"📌 등급 분류

금액에 따라 등급이 나뉜다.

[규칙]
- 0~199=A
- 200~399=B
- 400~599=C

[입력 데이터]
값: 350

👉 조건을 적용했을 때의 최종 판정 결과를 정확히 입력하세요.",B,,,
Q0119,,판매금액 계산,lookup_reference,vlookup_calc,3,value_answer,number,"📌 판매금액 계산

상품코드로 단가를 조회 후 판매금액을 계산한다.

[입력 데이터]
코드|단가
A|1000
B|2000
C|3000

👉 입력 데이터와 조건을 기준으로 계산한 최종 금액을 숫자만 입력하세요.",10000,,,
Q0120,,배송유형별 도착일 계산,lookup_reference,workday_vlookup,3,value_answer,date,"📌 배송유형별 도착일 계산

출고일과 배송유형별 소요일수가 주어져 있다.
주말을 제외하여 도착일을 계산하시오.

[입력 데이터]
유형|소요일수
일반|2
특급|1
절약|4

👉 계산된 날짜를 YYYY-MM-DD 형식으로 입력하세요.",2026-04-10,,,
Q0121,Q328,병합 서식 매크로 기능,macro,macro_align,2,short_answer,text,"📌 병합 서식 매크로 기능

여러 셀에 동일하게 적용되는 매크로 기능이다.

[입력 데이터]
기능: 병합하고 가운데 맞춤

👉 조건을 적용했을 때 화면에 표시되는 최종 결과를 정확히 입력하세요.",병합하고가운데맞춤,,,
Q0122,,평균 계산 결과,macro,macro_average,2,value_answer,number,"📌 평균 계산 결과

세 점수의 평균을 계산하는 자동화 작업이 수행된다.

[입력 데이터]
점수1: 70
점수2: 85
점수3: 95

👉 입력 데이터에서 조건에 맞는 평균값을 계산해 숫자만 입력하세요.",83.3333333333,,,
Q0123,,평균 계산 결과,macro,macro_average,2,value_answer,number,"📌 평균 계산 결과

세 값의 평균을 계산한다.

[입력 데이터]
값: 60,80,100

👉 입력 데이터에서 조건에 맞는 평균값을 계산해 숫자만 입력하세요.",80,,,
Q0124,,매크로 결과 확인,macro,macro_basic,2,short_answer,text,"📌 매크로 결과 확인

매크로가 실행되었다.

[입력 데이터]
기능: 평균 계산

👉 조건을 적용했을 때의 최종 결과를 정확히 입력하세요.",평균,,,
Q0125,Q212,매크로 기능 확인,macro,macro_basic,2,short_answer,text,"📌 매크로 기능 확인

매크로 실행

[입력 데이터]
기능: 합계 계산

👉 조건을 적용했을 때의 최종 결과를 정확히 입력하세요.",합계,,,
Q0126,Q312,매크로 기능 확인,macro,macro_basic,2,short_answer,text,"📌 매크로 기능 확인

매크로 실행 기능

[입력 데이터]
기능: 평균 계산

👉 조건을 적용했을 때의 최종 결과를 정확히 입력하세요.",평균,,,
Q0127,,차이 계산 결과,macro,macro_difference,2,value_answer,number,"📌 차이 계산 결과

두 값의 차이를 계산한다.

[입력 데이터]
값1: 2025
값2: 2024

👉 입력 데이터와 조건을 기준으로 계산한 최종 결과값을 숫자만 입력하세요.",1,,,
Q0128,,셀 색상 적용 결과,macro,macro_format,2,short_answer,text,"📌 셀 색상 적용 결과

셀에 특정 색상이 적용되었다.

[입력 데이터]
색상: 연한녹색

👉 조건을 적용했을 때 화면에 표시되는 최종 결과를 정확히 입력하세요.",연한녹색,,,
Q0129,,셀 서식 적용 결과,macro,macro_format,2,short_answer,text,"📌 셀 서식 적용 결과

셀에 특정 서식이 적용되었다.

[입력 데이터]
서식: 표 스타일

👉 조건을 적용했을 때 화면에 표시되는 최종 결과를 정확히 입력하세요.",표스타일,,,
Q0130,,셀 스타일 적용 결과 판정,macro,macro_format,2,short_answer,text,"📌 셀 스타일 적용 결과 판정

특정 셀에 스타일을 적용하는 자동화 작업이 수행된다.

[규칙]
- 글자색=녹색
- 스타일=강조색
- 정렬=가로 가운데

👉 조건을 적용했을 때의 최종 판정 결과를 정확히 입력하세요.",서식,,,
Q0131,,총사용시간 계산 결과,macro,macro_formula,3,value_answer,number,"📌 총사용시간 계산 결과

어떤 시스템에서 사용시간과 사용횟수를 기반으로 총 사용시간을 계산한다.
총 사용시간은 아래 공식으로 계산된다.

[규칙]
- 총사용시간=사용시간*사용횟수

[입력 데이터]
사용시간: 120
사용횟수: 3

👉 조건에 맞게 계산한 시간 값을 숫자만 입력하세요.",360,,,
Q0132,,셀 스타일 적용 색상,macro,macro_style,2,short_answer,text,"📌 셀 스타일 적용 색상

셀 스타일 자동화 작업으로 특정 강조색이 적용되었다.

[입력 데이터]
강조색: 녹색

👉 조건을 적용했을 때 화면에 표시되는 최종 결과를 정확히 입력하세요.",녹색,,,
Q0133,,합계 계산 결과,macro,macro_sum,2,value_answer,number,"📌 합계 계산 결과

여러 값의 합계를 계산하는 자동화 작업이다.

[입력 데이터]
값: 10,20,30

👉 입력 데이터에서 조건에 맞는 합계값을 계산해 숫자만 입력하세요.",60,,,
Q0134,Q329,합계 매크로 결과,macro,macro_sum,2,value_answer,number,"📌 합계 매크로 결과

여러 값의 합계를 구하는 자동화 작업이다.

[입력 데이터]
값: 15,25,35

👉 입력 데이터에서 조건에 맞는 합계값을 계산해 숫자만 입력하세요.",75,,,
Q0135,Q326,피벗 평균 집계 방식,pivot,pivot_average,3,short_answer,text,"📌 피벗 평균 집계 방식

매출 데이터를 요약하여 평균값을 구하는 피벗 보고서를 만든다.

[입력 데이터]
집계대상: 판매량, 목표액, 매출액

👉 조건을 적용했을 때의 최종 결과를 정확히 입력하세요.",평균,,,
Q0136,Q310,피벗 결과 판단,pivot,pivot_basic,3,short_answer,text,"📌 피벗 결과 판단

피벗 테이블 집계

[입력 데이터]
값: 평균

👉 조건을 적용했을 때의 최종 결과를 정확히 입력하세요.",평균,,,
Q0137,Q216,피벗테이블 결과,pivot,pivot_basic,3,short_answer,text,"📌 피벗테이블 결과

피벗테이블 계산

[입력 데이터]
값: 합계

👉 조건을 적용했을 때의 최종 결과를 정확히 입력하세요.",합계,,,
Q0138,,코드 분류 결과,text,choose_left,2,short_answer,text,"📌 코드 분류 결과

코드 첫 글자에 따라 분류된다.

[규칙]
- 1=인문
- 2=자연
- 3=예체능
- 4=공학

[입력 데이터]
코드: 3ABC

👉 조건을 적용했을 때의 최종 판정 결과를 정확히 입력하세요.",예체능,,,
Q0139,Q325,주민번호 성별 판정,text,if_mod_mid,3,short_answer,text,"📌 주민번호 성별 판정

식별번호의 특정 자리 숫자로 성별을 판정한다.

[규칙]
- 홀수=남자
- 짝수=여자

[입력 데이터]
식별번호: 900101-2345678
검사위치숫자: 2

👉 조건을 적용했을 때의 최종 판정 결과를 정확히 입력하세요.",여자,,,
Q0140,Q337,네번째 문자 판정,text,iferror_choose_mid,3,short_answer,text,"📌 네번째 문자 판정

문자열의 네 번째 문자를 기준으로 상태를 판정한다.

[규칙]
- 숫자가 4 이하이면 빈칸
- 그 외는 불량

[입력 데이터]
값: ABZ5K

👉 조건을 적용했을 때의 최종 판정 결과를 정확히 입력하세요.",불량,,,
Q0141,,ID 앞글자 조건 판정,text,left_condition,2,short_answer,text,"📌 ID 앞글자 조건 판정

상품코드의 첫 글자에 따라 행 전체를 구분한다.

[규칙]
- 첫 글자가 B이면 대상
- 그 외는 제외

[입력 데이터]
상품코드: B204

👉 조건을 적용했을 때의 최종 판정 결과를 정확히 입력하세요.",대상,,,
Q0142,,사원번호 앞자리로 부서 판별,text,left_ifs,2,short_answer,text,"📌 사원번호 앞자리로 부서 판별

사원번호 앞 두 글자에 따라 부서를 판별하는 문제이다.

[규칙]
- SA=영업
- TB=총무
- PU=구매
- RC=개발
- 기타=기타

[입력 데이터]
사원번호: RC-2048

👉 조건을 적용했을 때의 최종 결과를 정확히 입력하세요.",개발,,,
Q0143,Q204,문자 추출 판정,text,mid_extract,2,short_answer,text,"📌 문자 추출 판정

문자열 일부 추출

[입력 데이터]
값: ABC1234

👉 조건을 적용했을 때의 최종 판정 결과를 정확히 입력하세요.",1,,,
Q0144,,괄호 안 문자열 추출,text,mid_search,2,short_answer,text,"📌 괄호 안 문자열 추출

문자열에서 괄호 안의 내용만 추출하는 문제이다.

[입력값]
서울(본사)

👉 텍스트 처리 결과로 얻어지는 최종 문자열을 정확히 입력하세요.",본사,,,
Q0145,Q308,이메일 아이디 추출,text,mid_search,3,short_answer,text,"📌 이메일 아이디 추출

이메일에서 ID 추출

[입력 데이터]
abc@test.com

👉 텍스트 처리 결과로 얻어지는 최종 문자열을 정확히 입력하세요.",abc,,,
Q0146,Q318,문자 변환,text,proper,2,short_answer,text,"📌 문자 변환

다음 입력 데이터와 조건을 기준으로 문자 변환의 결과를 판단하세요.

[입력 데이터]
hello excel

👉 텍스트 처리 결과로 얻어지는 최종 문자열을 정확히 입력하세요.",Hello Excel,,,
Q0147,Q210,텍스트 변환 결과,text,proper,2,short_answer,text,"📌 텍스트 변환 결과

문자열 변환

[입력 데이터]
값: hello world

👉 텍스트 처리 결과로 얻어지는 최종 문자열을 정확히 입력하세요.",Hello World,,,
Q0148,,문자열 변환 결과,text,proper_day,2,short_answer,text,"📌 문자열 변환 결과

문자열의 첫 글자를 대문자로 변환하고 날짜의 일을 결합한다.

[입력 데이터]
문자열: golf
날짜: 2025-01-01

👉 텍스트 처리 결과로 얻어지는 최종 문자열을 정확히 입력하세요.",Golf-1,,,
Q0149,,문자열 끝 글자 판정,text,right_if,2,short_answer,text,"📌 문자열 끝 글자 판정

문자열의 마지막 글자에 따라 색상이 결정된다.

[규칙]
- R=빨강
- B=파랑
- G=초록

[입력 데이터]
값: ABR

👉 조건을 적용했을 때의 최종 판정 결과를 정확히 입력하세요.",빨강,,,
Q0150,Q348,문자 위치 추출,text,search_position,2,value_answer,number,"📌 문자 위치 추출

문자열에서 특정 문자 위치를 찾는다.

[입력 데이터]
값: EXCEL-MASTER
찾을문자: M

👉 찾은 문자의 시작 위치를 숫자만 입력하세요.",7,,,
Q0151,,문자열 기호 추가 결과,text,text_concat,1,short_answer,text,"📌 문자열 기호 추가 결과

문자열 끝에 특정 기호를 추가한다.

[입력 데이터]
문자열: 행사예약현황
추가기호: ★

👉 조건을 적용했을 때의 최종 결과를 정확히 입력하세요.",행사예약현황★,,,
Q0152,Q303,텍스트 결합 결과,text,text_concat,2,short_answer,text,"📌 텍스트 결합 결과

문자 뒤에 도메인 추가

[입력 데이터]
값: user

👉 텍스트 처리 결과로 얻어지는 최종 문자열을 정확히 입력하세요.",user@example.com,,,
Q0153,Q335,한자 변환 결과 확인,text,text_convert,2,short_answer,text,"📌 한자 변환 결과 확인

특정 단어를 한자로 변환한다.

[입력 데이터]
원문: 제품명
변환결과: 製品名

👉 텍스트 처리 결과로 얻어지는 최종 문자열을 정확히 입력하세요.",製品名,,,
Q0154,,텍스트 표시 내용 확인,text,text_display,2,short_answer,text,"📌 텍스트 표시 내용 확인

셀에 긴 문자열을 입력하고 자동 맞춤 기능이 적용되었다.

[규칙]
- 셀 크기에 맞게 자동 축소

[입력 데이터]
텍스트: X-ray 촬영

👉 조건을 적용했을 때 화면에 표시되는 최종 결과를 정확히 입력하세요.",X-ray촬영,,,
Q0155,,구분자 분리 결과,text,text_split,3,short_answer,text,"📌 구분자 분리 결과

문자열 데이터를 구분자를 기준으로 분리하였다.

[규칙]
- 쉼표(,) 기준으로 분리

[입력 데이터]
값: A-100,센서 장치,50000000

👉 텍스트 처리 결과로 얻어지는 최종 문자열을 정확히 입력하세요.",센서장치,,,
Q0156,,구분자 분리 숫자 결과,text,text_split,3,value_answer,number,"📌 구분자 분리 숫자 결과

문자열 데이터를 구분자를 기준으로 분리하였다.

[규칙]
- 쉼표(,) 기준으로 분리

[입력 데이터]
값: B-200,측정 장비,30000000

👉 입력 데이터와 조건을 기준으로 계산한 최종 결과값을 숫자만 입력하세요.",30000000,,,
Q0157,,팀명 표기 결합,text,upper_proper,3,short_answer,text,"📌 팀명 표기 결합

팀명은 모두 대문자로, 지역명은 첫 글자만 대문자로 바꿔 결합한다.

[입력 데이터]
팀명: ktwiz
지역명: suwon

👉 텍스트 처리 결과로 얻어지는 최종 문자열을 정확히 입력하세요.",KTWIZ(Suwon),,,
Q0158,,대출 이자 계산,what_if,data_table,3,value_answer,number,"📌 대출 이자 계산

대출 금액과 이율이 주어졌다.

[규칙]
- 이자=금액×이율

[입력 데이터]
금액: 200000
이율: 0.04

👉 입력 데이터와 조건을 기준으로 계산한 이자 값을 숫자만 입력하세요.",8000,,,
Q0159,Q220,데이터표 계산,what_if,data_table,3,value_answer,number,"📌 데이터표 계산

이자 계산

[입력 데이터]
금액: 100000
이율: 0.1

👉 입력 데이터와 조건을 기준으로 계산한 최종 결과값을 숫자만 입력하세요.",10000,,,
Q0160,,데이터표 이자 계산,what_if,data_table,3,value_answer,number,"📌 데이터표 이자 계산

금액과 이율로 이자를 계산한다.

[입력 데이터]
금액: 500000
이율: 0.05

👉 입력 데이터와 조건을 기준으로 계산한 이자 값을 숫자만 입력하세요.",25000,,,
Q0161,,이자 계산 결과,what_if,data_table,3,value_answer,number,"📌 이자 계산 결과

원금과 이율로 이자를 계산한다.

[규칙]
- 이자=원금×이율

[입력 데이터]
원금: 100000
이율: 0.05

👉 입력 데이터와 조건을 기준으로 계산한 이자 값을 숫자만 입력하세요.",5000,,,
Q0162,,목표 금액 도달 필요 수량,what_if,goal_seek,3,value_answer,number,"📌 목표 금액 도달 필요 수량

총매출은 단가와 판매수량의 곱으로 계산된다.

[규칙]
- 총매출=단가×판매수량

[입력 데이터]
단가: 25000
목표총매출: 1000000

👉 입력 데이터와 조건을 기준으로 계산한 최종 금액을 숫자만 입력하세요.",40,,,
Q0163,,목표값 달성 수량,what_if,goal_seek,3,value_answer,number,"📌 목표값 달성 수량

총매출을 목표값으로 맞춘다.

[규칙]
- 총매출=단가×수량

[입력 데이터]
단가: 20000
목표매출: 600000

👉 조건을 만족하기 위해 필요한 수량을 숫자만 입력하세요.",30,,,
Q0164,,시나리오 결과 계산,what_if,scenario,3,value_answer,number,"📌 시나리오 결과 계산

비율 변화에 따른 결과값을 계산한다.

[규칙]
- 결과=값×비율

[입력 데이터]
값: 1000
비율: 0.3

👉 시나리오 조건을 적용한 최종 계산 결과를 숫자만 입력하세요.",300,,,
Q0165,,시나리오 결과 계산,what_if,scenario,3,value_answer,number,"📌 시나리오 결과 계산

비율 변화에 따른 결과 계산

[입력 데이터]
기준값: 1000
비율: 0.2

👉 시나리오 조건을 적용한 최종 계산 결과를 숫자만 입력하세요.",200,,,
Q0166,Q311,시나리오 결과 이해,what_if,scenario,3,short_answer,text,"📌 시나리오 결과 이해

가격 변화 시 결과

[입력 데이터]
판매가 증가

👉 조건을 적용했을 때의 최종 결과를 정확히 입력하세요.",증가,,,
Q0167,,시나리오 적용 결과,what_if,scenario,3,value_answer,number,"📌 시나리오 적용 결과

가격과 할인율이 주어졌을 때 최종 금액을 계산한다.

[규칙]
- 최종금액 = 가격 × (1 - 할인율)

[입력 데이터]
가격: 10000
할인율: 0.1

👉 시나리오 조건을 적용한 최종 계산 결과를 숫자만 입력하세요.",9000,,,
Q0168,,시나리오 할인 결과,what_if,scenario_discount,3,value_answer,number,"📌 시나리오 할인 결과

할인율이 달라질 때 최종 결제금액이 변한다.

[규칙]
- 최종금액=원가×(1-할인율)

[입력 데이터]
원가: 50000
할인율: 0.15

👉 시나리오 조건을 적용한 최종 계산 결과를 숫자만 입력하세요.",42500,,,
